{
  "success": true,
  "timestamp": "2025-09-26T19:32:25.463Z",
  "currentPrice": 588.4028780303989,
  "dataSource": "Integrated Hurricane System v2",
  "regime": {
    "state": "RANGING",
    "current": "RANGING"
  },
  "confidence": {
    "overall": 0.4170833333333334,
    "1m": 0.4170833333333335,
    "5m": 0.4170833333333335,
    "15m": 0.4170833333333335,
    "1h": 0.4170833333333335,
    "4h": 0.4170833333333335,
    "1d": 0.4170833333333335
  },
  "predictions": {
    "1m": {
      "direction": "BUY",
      "target": 588.4251881238699,
      "stop_loss": 588.3917229836635,
      "stopLoss": 588.3917229836635,
      "cone_upper": 600.1936918863473,
      "cone_lower": 576.6238885239902,
      "upperBound": 600.1936918863473,
      "lowerBound": 576.6238885239902,
      "confidence": 0.4170833333333335,
      "reasons": [
        "MACD bullish crossover",
        "High DIX - dark pool buying"
      ],
      "riskReward": 2.0000000000101914,
      "kellySize": 0
    },
    "5m": {
      "direction": "BUY",
      "target": 588.4474982173409,
      "stop_loss": 588.380567936928,
      "stopLoss": 588.380567936928,
      "cone_upper": 600.2164481816877,
      "cone_lower": 576.6129565781894,
      "upperBound": 600.2164481816877,
      "lowerBound": 576.6129565781894,
      "confidence": 0.4170833333333335,
      "reasons": [
        "MACD bullish crossover",
        "High DIX - dark pool buying"
      ],
      "riskReward": 2,
      "kellySize": 0
    },
    "15m": {
      "direction": "BUY",
      "target": 588.4698083108119,
      "stop_loss": 588.3694128901925,
      "stopLoss": 588.3694128901925,
      "cone_upper": 600.2392044770281,
      "cone_lower": 576.6020246323886,
      "upperBound": 600.2392044770281,
      "lowerBound": 576.6020246323886,
      "confidence": 0.4170833333333335,
      "reasons": [
        "MACD bullish crossover",
        "High DIX - dark pool buying"
      ],
      "riskReward": 2.0000000000033973,
      "kellySize": 0
    },
    "1h": {
      "direction": "BUY",
      "target": 588.5144284977539,
      "stop_loss": 588.3471027967214,
      "stopLoss": 588.3471027967214,
      "cone_upper": 600.284717067709,
      "cone_lower": 576.5801607407869,
      "upperBound": 600.284717067709,
      "lowerBound": 576.5801607407869,
      "confidence": 0.4170833333333335,
      "reasons": [
        "MACD bullish crossover",
        "High DIX - dark pool buying"
      ],
      "riskReward": 1.9999999999979616,
      "kellySize": 0
    },
    "4h": {
      "direction": "BUY",
      "target": 588.6259789651087,
      "stop_loss": 588.2913275630441,
      "stopLoss": 588.2913275630441,
      "cone_upper": 600.3984985444109,
      "cone_lower": 576.5255010117831,
      "upperBound": 600.3984985444109,
      "lowerBound": 576.5255010117831,
      "confidence": 0.4170833333333335,
      "reasons": [
        "MACD bullish crossover",
        "High DIX - dark pool buying"
      ],
      "riskReward": 2.000000000001019,
      "kellySize": 0
    },
    "1d": {
      "direction": "BUY",
      "target": 588.7375294324637,
      "stop_loss": 588.2355523293666,
      "stopLoss": 588.2355523293666,
      "cone_upper": 600.512280021113,
      "cone_lower": 576.4708412827792,
      "upperBound": 600.512280021113,
      "lowerBound": 576.4708412827792,
      "confidence": 0.4170833333333335,
      "reasons": [
        "MACD bullish crossover",
        "High DIX - dark pool buying"
      ],
      "riskReward": 2,
      "kellySize": 0
    }
  },
  "forecasts": {
    "1m": {
      "direction": "BUY",
      "target": 588.4251881238699,
      "stop_loss": 588.3917229836635,
      "stopLoss": 588.3917229836635,
      "cone_upper": 600.1936918863473,
      "cone_lower": 576.6238885239902,
      "upperBound": 600.1936918863473,
      "lowerBound": 576.6238885239902,
      "confidence": 0.4170833333333335,
      "reasons": [
        "MACD bullish crossover",
        "High DIX - dark pool buying"
      ],
      "riskReward": 2.0000000000101914,
      "kellySize": 0
    },
    "5m": {
      "direction": "BUY",
      "target": 588.4474982173409,
      "stop_loss": 588.380567936928,
      "stopLoss": 588.380567936928,
      "cone_upper": 600.2164481816877,
      "cone_lower": 576.6129565781894,
      "upperBound": 600.2164481816877,
      "lowerBound": 576.6129565781894,
      "confidence": 0.4170833333333335,
      "reasons": [
        "MACD bullish crossover",
        "High DIX - dark pool buying"
      ],
      "riskReward": 2,
      "kellySize": 0
    },
    "15m": {
      "direction": "BUY",
      "target": 588.4698083108119,
      "stop_loss": 588.3694128901925,
      "stopLoss": 588.3694128901925,
      "cone_upper": 600.2392044770281,
      "cone_lower": 576.6020246323886,
      "upperBound": 600.2392044770281,
      "lowerBound": 576.6020246323886,
      "confidence": 0.4170833333333335,
      "reasons": [
        "MACD bullish crossover",
        "High DIX - dark pool buying"
      ],
      "riskReward": 2.0000000000033973,
      "kellySize": 0
    },
    "1h": {
      "direction": "BUY",
      "target": 588.5144284977539,
      "stop_loss": 588.3471027967214,
      "stopLoss": 588.3471027967214,
      "cone_upper": 600.284717067709,
      "cone_lower": 576.5801607407869,
      "upperBound": 600.284717067709,
      "lowerBound": 576.5801607407869,
      "confidence": 0.4170833333333335,
      "reasons": [
        "MACD bullish crossover",
        "High DIX - dark pool buying"
      ],
      "riskReward": 1.9999999999979616,
      "kellySize": 0
    },
    "4h": {
      "direction": "BUY",
      "target": 588.6259789651087,
      "stop_loss": 588.2913275630441,
      "stopLoss": 588.2913275630441,
      "cone_upper": 600.3984985444109,
      "cone_lower": 576.5255010117831,
      "upperBound": 600.3984985444109,
      "lowerBound": 576.5255010117831,
      "confidence": 0.4170833333333335,
      "reasons": [
        "MACD bullish crossover",
        "High DIX - dark pool buying"
      ],
      "riskReward": 2.000000000001019,
      "kellySize": 0
    },
    "1d": {
      "direction": "BUY",
      "target": 588.7375294324637,
      "stop_loss": 588.2355523293666,
      "stopLoss": 588.2355523293666,
      "cone_upper": 600.512280021113,
      "cone_lower": 576.4708412827792,
      "upperBound": 600.512280021113,
      "lowerBound": 576.4708412827792,
      "confidence": 0.4170833333333335,
      "reasons": [
        "MACD bullish crossover",
        "High DIX - dark pool buying"
      ],
      "riskReward": 2,
      "kellySize": 0
    }
  },
  "kellySizing": 0,
  "kelly_size": 0,
  "criticalLevels": {
    "support": [
      661.5700073242188,
      659.5951811523438,
      661.3747017259656
    ],
    "resistance": [
      661.75,
      660.6548188476562,
      661.8881217603627
    ],
    "vwap": 660.3831228224075
  },
  "warnings": [
    "\u26a0\ufe0f Low volume - signals may be less reliable"
  ],
  "strongestSignal": {
    "timeframe": "1m",
    "prediction": {
      "direction": "BUY",
      "confidence": 0.4170833333333335,
      "targetPrice": 588.4251881238699,
      "stopLoss": 588.3917229836635,
      "reasons": [
        "MACD bullish crossover",
        "High DIX - dark pool buying"
      ],
      "timeframe": "1m",
      "expectedMove": 0.003791635680923628,
      "riskReward": 2.0000000000101914,
      "features": {
        "rsi14": 38.935711293110735,
        "macd": -0.051658330770465,
        "macd_signal": -0.1816982596639653,
        "macd_crossover": "bullish",
        "adx14": null,
        "bb_percentB": 0.1667746031229299,
        "volume_ratio": 0,
        "vwap_distance": -0.1089977049752159,
        "momentum_score": 30,
        "trend_regime": "down",
        "volatility_regime": "low",
        "gex": 632794488.8590477,
        "dix": 0.5492025643044336,
        "put_call_ratio": 1.1077237199856902
      },
      "timestamp": 1758915145463,
      "kellySize": 0
    }
  }
}