{
  "success": true,
  "timestamp": "2025-09-26T19:32:27.924Z",
  "currentPrice": 585.9866091920817,
  "dataSource": "Integrated Hurricane System v2",
  "regime": {
    "state": "RANGING",
    "current": "RANGING"
  },
  "confidence": {
    "overall": 0.4170833333333334,
    "1m": 0.4170833333333335,
    "5m": 0.4170833333333335,
    "15m": 0.4170833333333335,
    "1h": 0.4170833333333335,
    "4h": 0.4170833333333335,
    "1d": 0.4170833333333335
  },
  "predictions": {
    "1m": {
      "direction": "BUY",
      "target": 586.0089192855527,
      "stop_loss": 585.9754541453462,
      "stopLoss": 585.9754541453462,
      "cone_upper": 597.7290976712637,
      "cone_lower": 574.2559450624393,
      "upperBound": 597.7290976712637,
      "lowerBound": 574.2559450624393,
      "confidence": 0.4170833333333335,
      "reasons": [
        "MACD bullish crossover",
        "High DIX - dark pool buying"
      ],
      "riskReward": 2.0000000000101914,
      "kellySize": 0
    },
    "5m": {
      "direction": "BUY",
      "target": 586.0312293790237,
      "stop_loss": 585.9642990986107,
      "stopLoss": 585.9642990986107,
      "cone_upper": 597.7518539666041,
      "cone_lower": 574.2450131166385,
      "upperBound": 597.7518539666041,
      "lowerBound": 574.2450131166385,
      "confidence": 0.4170833333333335,
      "reasons": [
        "MACD bullish crossover",
        "High DIX - dark pool buying"
      ],
      "riskReward": 2,
      "kellySize": 0
    },
    "15m": {
      "direction": "BUY",
      "target": 586.0535394724945,
      "stop_loss": 585.9531440518753,
      "stopLoss": 585.9531440518753,
      "cone_upper": 597.7746102619444,
      "cone_lower": 574.2340811708377,
      "upperBound": 597.7746102619444,
      "lowerBound": 574.2340811708377,
      "confidence": 0.4170833333333335,
      "reasons": [
        "MACD bullish crossover",
        "High DIX - dark pool buying"
      ],
      "riskReward": 2,
      "kellySize": 0
    },
    "1h": {
      "direction": "BUY",
      "target": 586.0981596594366,
      "stop_loss": 585.9308339584042,
      "stopLoss": 585.9308339584042,
      "cone_upper": 597.8201228526254,
      "cone_lower": 574.212217279236,
      "upperBound": 597.8201228526254,
      "lowerBound": 574.212217279236,
      "confidence": 0.4170833333333335,
      "reasons": [
        "MACD bullish crossover",
        "High DIX - dark pool buying"
      ],
      "riskReward": 1.9999999999979616,
      "kellySize": 0
    },
    "4h": {
      "direction": "BUY",
      "target": 586.2097101267915,
      "stop_loss": 585.8750587247267,
      "stopLoss": 585.8750587247267,
      "cone_upper": 597.9339043293273,
      "cone_lower": 574.1575575502321,
      "upperBound": 597.9339043293273,
      "lowerBound": 574.1575575502321,
      "confidence": 0.4170833333333335,
      "reasons": [
        "MACD bullish crossover",
        "High DIX - dark pool buying"
      ],
      "riskReward": 1.9999999999989808,
      "kellySize": 0
    },
    "1d": {
      "direction": "BUY",
      "target": 586.3212605941465,
      "stop_loss": 585.8192834910493,
      "stopLoss": 585.8192834910493,
      "cone_upper": 598.0476858060293,
      "cone_lower": 574.1028978212283,
      "upperBound": 598.0476858060293,
      "lowerBound": 574.1028978212283,
      "confidence": 0.4170833333333335,
      "reasons": [
        "MACD bullish crossover",
        "High DIX - dark pool buying"
      ],
      "riskReward": 2,
      "kellySize": 0
    }
  },
  "forecasts": {
    "1m": {
      "direction": "BUY",
      "target": 586.0089192855527,
      "stop_loss": 585.9754541453462,
      "stopLoss": 585.9754541453462,
      "cone_upper": 597.7290976712637,
      "cone_lower": 574.2559450624393,
      "upperBound": 597.7290976712637,
      "lowerBound": 574.2559450624393,
      "confidence": 0.4170833333333335,
      "reasons": [
        "MACD bullish crossover",
        "High DIX - dark pool buying"
      ],
      "riskReward": 2.0000000000101914,
      "kellySize": 0
    },
    "5m": {
      "direction": "BUY",
      "target": 586.0312293790237,
      "stop_loss": 585.9642990986107,
      "stopLoss": 585.9642990986107,
      "cone_upper": 597.7518539666041,
      "cone_lower": 574.2450131166385,
      "upperBound": 597.7518539666041,
      "lowerBound": 574.2450131166385,
      "confidence": 0.4170833333333335,
      "reasons": [
        "MACD bullish crossover",
        "High DIX - dark pool buying"
      ],
      "riskReward": 2,
      "kellySize": 0
    },
    "15m": {
      "direction": "BUY",
      "target": 586.0535394724945,
      "stop_loss": 585.9531440518753,
      "stopLoss": 585.9531440518753,
      "cone_upper": 597.7746102619444,
      "cone_lower": 574.2340811708377,
      "upperBound": 597.7746102619444,
      "lowerBound": 574.2340811708377,
      "confidence": 0.4170833333333335,
      "reasons": [
        "MACD bullish crossover",
        "High DIX - dark pool buying"
      ],
      "riskReward": 2,
      "kellySize": 0
    },
    "1h": {
      "direction": "BUY",
      "target": 586.0981596594366,
      "stop_loss": 585.9308339584042,
      "stopLoss": 585.9308339584042,
      "cone_upper": 597.8201228526254,
      "cone_lower": 574.212217279236,
      "upperBound": 597.8201228526254,
      "lowerBound": 574.212217279236,
      "confidence": 0.4170833333333335,
      "reasons": [
        "MACD bullish crossover",
        "High DIX - dark pool buying"
      ],
      "riskReward": 1.9999999999979616,
      "kellySize": 0
    },
    "4h": {
      "direction": "BUY",
      "target": 586.2097101267915,
      "stop_loss": 585.8750587247267,
      "stopLoss": 585.8750587247267,
      "cone_upper": 597.9339043293273,
      "cone_lower": 574.1575575502321,
      "upperBound": 597.9339043293273,
      "lowerBound": 574.1575575502321,
      "confidence": 0.4170833333333335,
      "reasons": [
        "MACD bullish crossover",
        "High DIX - dark pool buying"
      ],
      "riskReward": 1.9999999999989808,
      "kellySize": 0
    },
    "1d": {
      "direction": "BUY",
      "target": 586.3212605941465,
      "stop_loss": 585.8192834910493,
      "stopLoss": 585.8192834910493,
      "cone_upper": 598.0476858060293,
      "cone_lower": 574.1028978212283,
      "upperBound": 598.0476858060293,
      "lowerBound": 574.1028978212283,
      "confidence": 0.4170833333333335,
      "reasons": [
        "MACD bullish crossover",
        "High DIX - dark pool buying"
      ],
      "riskReward": 2,
      "kellySize": 0
    }
  },
  "kellySizing": 0,
  "kelly_size": 0,
  "criticalLevels": {
    "support": [
      661.5700073242188,
      659.5951811523438,
      661.3747017259656
    ],
    "resistance": [
      661.75,
      660.6548188476562,
      661.8881217603627
    ],
    "vwap": 660.3831228224075
  },
  "warnings": [
    "\u26a0\ufe0f Low volume - signals may be less reliable"
  ],
  "strongestSignal": {
    "timeframe": "1m",
    "prediction": {
      "direction": "BUY",
      "confidence": 0.4170833333333335,
      "targetPrice": 586.0089192855527,
      "stopLoss": 585.9754541453462,
      "reasons": [
        "MACD bullish crossover",
        "High DIX - dark pool buying"
      ],
      "timeframe": "1m",
      "expectedMove": 0.0038072701868975775,
      "riskReward": 2.0000000000101914,
      "features": {
        "rsi14": 38.935711293110735,
        "macd": -0.051658330770465,
        "macd_signal": -0.1816982596639653,
        "macd_crossover": "bullish",
        "adx14": null,
        "bb_percentB": 0.1667746031229299,
        "volume_ratio": 0,
        "vwap_distance": -0.11265659442107329,
        "momentum_score": 30,
        "trend_regime": "down",
        "volatility_regime": "low",
        "gex": -316720619.18432796,
        "dix": 0.46933219831128725,
        "put_call_ratio": 0.8718051630611957
      },
      "timestamp": 1758915147923,
      "kellySize": 0
    }
  }
}