{
  "success": true,
  "timestamp": "2025-09-26T19:23:55.672Z",
  "currentPrice": 587.5258359385249,
  "dataSource": "Integrated Hurricane System v2",
  "regime": {
    "state": "RANGING | EXTREME_VOL",
    "current": "RANGING | EXTREME_VOL"
  },
  "confidence": {
    "overall": 0.1584,
    "1m": 0.1584,
    "5m": 0.1584,
    "15m": 0.1584,
    "1h": 0.1584,
    "4h": 0.1584,
    "1d": 0.1584
  },
  "predictions": {
    "1m": {
      "direction": "NEUTRAL",
      "target": 587.5258359385249,
      "stop_loss": 587.5258359385249,
      "stopLoss": 587.5258359385249,
      "cone_upper": 599.2763526572954,
      "cone_lower": 575.7753192197544,
      "upperBound": 599.2763526572954,
      "lowerBound": 575.7753192197544,
      "confidence": 0.1584,
      "reasons": [
        "Bearish MA alignment (all MAs stacked)",
        "MACD approaching bearish cross"
      ],
      "riskReward": null,
      "kellySize": 0
    },
    "5m": {
      "direction": "NEUTRAL",
      "target": 587.5258359385249,
      "stop_loss": 587.5258359385249,
      "stopLoss": 587.5258359385249,
      "cone_upper": 599.2763526572954,
      "cone_lower": 575.7753192197544,
      "upperBound": 599.2763526572954,
      "lowerBound": 575.7753192197544,
      "confidence": 0.1584,
      "reasons": [
        "Bearish MA alignment (all MAs stacked)",
        "MACD approaching bearish cross"
      ],
      "riskReward": null,
      "kellySize": 0
    },
    "15m": {
      "direction": "NEUTRAL",
      "target": 587.5258359385249,
      "stop_loss": 587.5258359385249,
      "stopLoss": 587.5258359385249,
      "cone_upper": 599.2763526572954,
      "cone_lower": 575.7753192197544,
      "upperBound": 599.2763526572954,
      "lowerBound": 575.7753192197544,
      "confidence": 0.1584,
      "reasons": [
        "Bearish MA alignment (all MAs stacked)",
        "MACD approaching bearish cross"
      ],
      "riskReward": null,
      "kellySize": 0
    },
    "1h": {
      "direction": "NEUTRAL",
      "target": 587.5258359385249,
      "stop_loss": 587.5258359385249,
      "stopLoss": 587.5258359385249,
      "cone_upper": 599.2763526572954,
      "cone_lower": 575.7753192197544,
      "upperBound": 599.2763526572954,
      "lowerBound": 575.7753192197544,
      "confidence": 0.1584,
      "reasons": [
        "Bearish MA alignment (all MAs stacked)",
        "MACD approaching bearish cross"
      ],
      "riskReward": null,
      "kellySize": 0
    },
    "4h": {
      "direction": "NEUTRAL",
      "target": 587.5258359385249,
      "stop_loss": 587.5258359385249,
      "stopLoss": 587.5258359385249,
      "cone_upper": 599.2763526572954,
      "cone_lower": 575.7753192197544,
      "upperBound": 599.2763526572954,
      "lowerBound": 575.7753192197544,
      "confidence": 0.1584,
      "reasons": [
        "Bearish MA alignment (all MAs stacked)",
        "MACD approaching bearish cross"
      ],
      "riskReward": null,
      "kellySize": 0
    },
    "1d": {
      "direction": "NEUTRAL",
      "target": 587.5258359385249,
      "stop_loss": 587.5258359385249,
      "stopLoss": 587.5258359385249,
      "cone_upper": 599.2763526572954,
      "cone_lower": 575.7753192197544,
      "upperBound": 599.2763526572954,
      "lowerBound": 575.7753192197544,
      "confidence": 0.1584,
      "reasons": [
        "Bearish MA alignment (all MAs stacked)",
        "MACD approaching bearish cross"
      ],
      "riskReward": null,
      "kellySize": 0
    }
  },
  "forecasts": {
    "1m": {
      "direction": "NEUTRAL",
      "target": 587.5258359385249,
      "stop_loss": 587.5258359385249,
      "stopLoss": 587.5258359385249,
      "cone_upper": 599.2763526572954,
      "cone_lower": 575.7753192197544,
      "upperBound": 599.2763526572954,
      "lowerBound": 575.7753192197544,
      "confidence": 0.1584,
      "reasons": [
        "Bearish MA alignment (all MAs stacked)",
        "MACD approaching bearish cross"
      ],
      "riskReward": null,
      "kellySize": 0
    },
    "5m": {
      "direction": "NEUTRAL",
      "target": 587.5258359385249,
      "stop_loss": 587.5258359385249,
      "stopLoss": 587.5258359385249,
      "cone_upper": 599.2763526572954,
      "cone_lower": 575.7753192197544,
      "upperBound": 599.2763526572954,
      "lowerBound": 575.7753192197544,
      "confidence": 0.1584,
      "reasons": [
        "Bearish MA alignment (all MAs stacked)",
        "MACD approaching bearish cross"
      ],
      "riskReward": null,
      "kellySize": 0
    },
    "15m": {
      "direction": "NEUTRAL",
      "target": 587.5258359385249,
      "stop_loss": 587.5258359385249,
      "stopLoss": 587.5258359385249,
      "cone_upper": 599.2763526572954,
      "cone_lower": 575.7753192197544,
      "upperBound": 599.2763526572954,
      "lowerBound": 575.7753192197544,
      "confidence": 0.1584,
      "reasons": [
        "Bearish MA alignment (all MAs stacked)",
        "MACD approaching bearish cross"
      ],
      "riskReward": null,
      "kellySize": 0
    },
    "1h": {
      "direction": "NEUTRAL",
      "target": 587.5258359385249,
      "stop_loss": 587.5258359385249,
      "stopLoss": 587.5258359385249,
      "cone_upper": 599.2763526572954,
      "cone_lower": 575.7753192197544,
      "upperBound": 599.2763526572954,
      "lowerBound": 575.7753192197544,
      "confidence": 0.1584,
      "reasons": [
        "Bearish MA alignment (all MAs stacked)",
        "MACD approaching bearish cross"
      ],
      "riskReward": null,
      "kellySize": 0
    },
    "4h": {
      "direction": "NEUTRAL",
      "target": 587.5258359385249,
      "stop_loss": 587.5258359385249,
      "stopLoss": 587.5258359385249,
      "cone_upper": 599.2763526572954,
      "cone_lower": 575.7753192197544,
      "upperBound": 599.2763526572954,
      "lowerBound": 575.7753192197544,
      "confidence": 0.1584,
      "reasons": [
        "Bearish MA alignment (all MAs stacked)",
        "MACD approaching bearish cross"
      ],
      "riskReward": null,
      "kellySize": 0
    },
    "1d": {
      "direction": "NEUTRAL",
      "target": 587.5258359385249,
      "stop_loss": 587.5258359385249,
      "stopLoss": 587.5258359385249,
      "cone_upper": 599.2763526572954,
      "cone_lower": 575.7753192197544,
      "upperBound": 599.2763526572954,
      "lowerBound": 575.7753192197544,
      "confidence": 0.1584,
      "reasons": [
        "Bearish MA alignment (all MAs stacked)",
        "MACD approaching bearish cross"
      ],
      "riskReward": null,
      "kellySize": 0
    }
  },
  "kellySizing": 0,
  "kelly_size": 0,
  "criticalLevels": {
    "support": [
      575.7753192197544,
      null,
      null
    ],
    "resistance": [
      599.2763526572954,
      null,
      null
    ],
    "vwap": 0
  },
  "warnings": [
    "\u26a0\ufe0f Extreme volatility detected - reduce position size",
    "\u26a0\ufe0f Low volume - signals may be less reliable"
  ],
  "strongestSignal": {
    "timeframe": "1m",
    "prediction": {
      "direction": "NEUTRAL",
      "confidence": 0.1584,
      "targetPrice": 587.5258359385249,
      "stopLoss": 587.5258359385249,
      "reasons": [
        "Bearish MA alignment (all MAs stacked)",
        "MACD approaching bearish cross"
      ],
      "timeframe": "1m",
      "expectedMove": 0,
      "riskReward": null,
      "features": {
        "rsi14": 50,
        "macd": 0,
        "macd_signal": 0,
        "macd_crossover": "approaching_bearish",
        "adx14": 25,
        "bb_percentB": 0.5,
        "volume_ratio": 0,
        "vwap_distance": null,
        "momentum_score": 0,
        "trend_regime": "neutral",
        "volatility_regime": "extreme",
        "gex": 907919180.9529109,
        "dix": 0.5165263500245812,
        "put_call_ratio": 1.0432802641951806
      },
      "timestamp": 1758914635671,
      "kellySize": 0
    }
  }
}