{
  "success": true,
  "timestamp": "2025-09-26T19:32:27.680Z",
  "currentPrice": 590.3523854969064,
  "dataSource": "Integrated Hurricane System v2",
  "regime": {
    "state": "RANGING",
    "current": "RANGING"
  },
  "confidence": {
    "overall": 0.29250000000000004,
    "1m": 0.29250000000000004,
    "5m": 0.29250000000000004,
    "15m": 0.29250000000000004,
    "1h": 0.29250000000000004,
    "4h": 0.29250000000000004,
    "1d": 0.29250000000000004
  },
  "predictions": {
    "1m": {
      "direction": "BUY",
      "target": 590.3746912307234,
      "stop_loss": 590.3412326299979,
      "stopLoss": 590.3412326299979,
      "cone_upper": 602.1821850553379,
      "cone_lower": 578.5344079773979,
      "upperBound": 602.1821850553379,
      "lowerBound": 578.5344079773979,
      "confidence": 0.29250000000000004,
      "reasons": [
        "MACD bullish crossover"
      ],
      "riskReward": 1.9999999999898066,
      "kellySize": 0
    },
    "5m": {
      "direction": "BUY",
      "target": 590.3969969645403,
      "stop_loss": 590.3300797630894,
      "stopLoss": 590.3300797630894,
      "cone_upper": 602.2049369038311,
      "cone_lower": 578.5234781678276,
      "upperBound": 602.2049369038311,
      "lowerBound": 578.5234781678276,
      "confidence": 0.29250000000000004,
      "reasons": [
        "MACD bullish crossover"
      ],
      "riskReward": 1.9999999999949032,
      "kellySize": 0
    },
    "15m": {
      "direction": "BUY",
      "target": 590.4193026983573,
      "stop_loss": 590.318926896181,
      "stopLoss": 590.318926896181,
      "cone_upper": 602.2276887523245,
      "cone_lower": 578.5125483582574,
      "upperBound": 602.2276887523245,
      "lowerBound": 578.5125483582574,
      "confidence": 0.29250000000000004,
      "reasons": [
        "MACD bullish crossover"
      ],
      "riskReward": 2,
      "kellySize": 0
    },
    "1h": {
      "direction": "BUY",
      "target": 590.4639141659912,
      "stop_loss": 590.296621162364,
      "stopLoss": 590.296621162364,
      "cone_upper": 602.2731924493111,
      "cone_lower": 578.4906887391166,
      "upperBound": 602.2731924493111,
      "lowerBound": 578.4906887391166,
      "confidence": 0.29250000000000004,
      "reasons": [
        "MACD bullish crossover"
      ],
      "riskReward": 1.9999999999979614,
      "kellySize": 0
    },
    "4h": {
      "direction": "BUY",
      "target": 590.575442835076,
      "stop_loss": 590.2408568278216,
      "stopLoss": 590.2408568278216,
      "cone_upper": 602.3869516917775,
      "cone_lower": 578.4360396912651,
      "upperBound": 602.3869516917775,
      "lowerBound": 578.4360396912651,
      "confidence": 0.29250000000000004,
      "reasons": [
        "MACD bullish crossover"
      ],
      "riskReward": 2,
      "kellySize": 0
    },
    "1d": {
      "direction": "BUY",
      "target": 590.6869715041609,
      "stop_loss": 590.1850924932792,
      "stopLoss": 590.1850924932792,
      "cone_upper": 602.5007109342441,
      "cone_lower": 578.3813906434136,
      "upperBound": 602.5007109342441,
      "lowerBound": 578.3813906434136,
      "confidence": 0.29250000000000004,
      "reasons": [
        "MACD bullish crossover"
      ],
      "riskReward": 1.9999999999993205,
      "kellySize": 0
    }
  },
  "forecasts": {
    "1m": {
      "direction": "BUY",
      "target": 590.3746912307234,
      "stop_loss": 590.3412326299979,
      "stopLoss": 590.3412326299979,
      "cone_upper": 602.1821850553379,
      "cone_lower": 578.5344079773979,
      "upperBound": 602.1821850553379,
      "lowerBound": 578.5344079773979,
      "confidence": 0.29250000000000004,
      "reasons": [
        "MACD bullish crossover"
      ],
      "riskReward": 1.9999999999898066,
      "kellySize": 0
    },
    "5m": {
      "direction": "BUY",
      "target": 590.3969969645403,
      "stop_loss": 590.3300797630894,
      "stopLoss": 590.3300797630894,
      "cone_upper": 602.2049369038311,
      "cone_lower": 578.5234781678276,
      "upperBound": 602.2049369038311,
      "lowerBound": 578.5234781678276,
      "confidence": 0.29250000000000004,
      "reasons": [
        "MACD bullish crossover"
      ],
      "riskReward": 1.9999999999949032,
      "kellySize": 0
    },
    "15m": {
      "direction": "BUY",
      "target": 590.4193026983573,
      "stop_loss": 590.318926896181,
      "stopLoss": 590.318926896181,
      "cone_upper": 602.2276887523245,
      "cone_lower": 578.5125483582574,
      "upperBound": 602.2276887523245,
      "lowerBound": 578.5125483582574,
      "confidence": 0.29250000000000004,
      "reasons": [
        "MACD bullish crossover"
      ],
      "riskReward": 2,
      "kellySize": 0
    },
    "1h": {
      "direction": "BUY",
      "target": 590.4639141659912,
      "stop_loss": 590.296621162364,
      "stopLoss": 590.296621162364,
      "cone_upper": 602.2731924493111,
      "cone_lower": 578.4906887391166,
      "upperBound": 602.2731924493111,
      "lowerBound": 578.4906887391166,
      "confidence": 0.29250000000000004,
      "reasons": [
        "MACD bullish crossover"
      ],
      "riskReward": 1.9999999999979614,
      "kellySize": 0
    },
    "4h": {
      "direction": "BUY",
      "target": 590.575442835076,
      "stop_loss": 590.2408568278216,
      "stopLoss": 590.2408568278216,
      "cone_upper": 602.3869516917775,
      "cone_lower": 578.4360396912651,
      "upperBound": 602.3869516917775,
      "lowerBound": 578.4360396912651,
      "confidence": 0.29250000000000004,
      "reasons": [
        "MACD bullish crossover"
      ],
      "riskReward": 2,
      "kellySize": 0
    },
    "1d": {
      "direction": "BUY",
      "target": 590.6869715041609,
      "stop_loss": 590.1850924932792,
      "stopLoss": 590.1850924932792,
      "cone_upper": 602.5007109342441,
      "cone_lower": 578.3813906434136,
      "upperBound": 602.5007109342441,
      "lowerBound": 578.3813906434136,
      "confidence": 0.29250000000000004,
      "reasons": [
        "MACD bullish crossover"
      ],
      "riskReward": 1.9999999999993205,
      "kellySize": 0
    }
  },
  "kellySizing": 0,
  "kelly_size": 0,
  "criticalLevels": {
    "support": [
      661.5700073242188,
      659.5951811523438,
      661.3746457590106
    ],
    "resistance": [
      661.75,
      660.6548188476562,
      661.8881472097395
    ],
    "vwap": 660.3831228224075
  },
  "warnings": [
    "\u26a0\ufe0f Low volume - signals may be less reliable"
  ],
  "strongestSignal": {
    "timeframe": "1m",
    "prediction": {
      "direction": "BUY",
      "confidence": 0.29250000000000004,
      "targetPrice": 590.3746912307234,
      "stopLoss": 590.3412326299979,
      "reasons": [
        "MACD bullish crossover"
      ],
      "timeframe": "1m",
      "expectedMove": 0.003778376163956599,
      "riskReward": 1.9999999999898066,
      "features": {
        "rsi14": 38.915852428517304,
        "macd": -0.05168267527710668,
        "macd_signal": -0.1816982596639653,
        "macd_crossover": "bullish",
        "adx14": null,
        "bb_percentB": 0.16626284799090513,
        "volume_ratio": 0,
        "vwap_distance": -0.10604561943708841,
        "momentum_score": 30,
        "trend_regime": "down",
        "volatility_regime": "low",
        "gex": -132151600.09713101,
        "dix": 0.40898080876929566,
        "put_call_ratio": 1.19143002343559
      },
      "timestamp": 1758915147680,
      "kellySize": 0
    }
  }
}