{
  "success": true,
  "timestamp": "2025-09-26T19:32:26.842Z",
  "currentPrice": 579.1580118411061,
  "dataSource": "Integrated Hurricane System v2",
  "regime": {
    "state": "RANGING",
    "current": "RANGING"
  },
  "confidence": {
    "overall": 0.4170833333333334,
    "1m": 0.4170833333333335,
    "5m": 0.4170833333333335,
    "15m": 0.4170833333333335,
    "1h": 0.4170833333333335,
    "4h": 0.4170833333333335,
    "1d": 0.4170833333333335
  },
  "predictions": {
    "1m": {
      "direction": "BUY",
      "target": 579.180317574923,
      "stop_loss": 579.1468589741977,
      "stopLoss": 579.1468589741977,
      "cone_upper": 590.7639239264215,
      "cone_lower": 567.5639217947137,
      "upperBound": 590.7639239264215,
      "lowerBound": 567.5639217947137,
      "confidence": 0.4170833333333335,
      "reasons": [
        "MACD bullish crossover",
        "High DIX - dark pool buying"
      ],
      "riskReward": 2,
      "kellySize": 0
    },
    "5m": {
      "direction": "BUY",
      "target": 579.2026233087402,
      "stop_loss": 579.1357061072891,
      "stopLoss": 579.1357061072891,
      "cone_upper": 590.786675774915,
      "cone_lower": 567.5529919851433,
      "upperBound": 590.786675774915,
      "lowerBound": 567.5529919851433,
      "confidence": 0.4170833333333335,
      "reasons": [
        "MACD bullish crossover",
        "High DIX - dark pool buying"
      ],
      "riskReward": 2,
      "kellySize": 0
    },
    "15m": {
      "direction": "BUY",
      "target": 579.224929042557,
      "stop_loss": 579.1245532403807,
      "stopLoss": 579.1245532403807,
      "cone_upper": 590.8094276234082,
      "cone_lower": 567.542062175573,
      "upperBound": 590.8094276234082,
      "lowerBound": 567.542062175573,
      "confidence": 0.4170833333333335,
      "reasons": [
        "MACD bullish crossover",
        "High DIX - dark pool buying"
      ],
      "riskReward": 2,
      "kellySize": 0
    },
    "1h": {
      "direction": "BUY",
      "target": 579.269540510191,
      "stop_loss": 579.1022475065637,
      "stopLoss": 579.1022475065637,
      "cone_upper": 590.8549313203948,
      "cone_lower": 567.5202025564324,
      "upperBound": 590.8549313203948,
      "lowerBound": 567.5202025564324,
      "confidence": 0.4170833333333335,
      "reasons": [
        "MACD bullish crossover",
        "High DIX - dark pool buying"
      ],
      "riskReward": 1.9999999999979614,
      "kellySize": 0
    },
    "4h": {
      "direction": "BUY",
      "target": 579.3810691792758,
      "stop_loss": 579.0464831720213,
      "stopLoss": 579.0464831720213,
      "cone_upper": 590.9686905628613,
      "cone_lower": 567.4655535085809,
      "upperBound": 590.9686905628613,
      "lowerBound": 567.4655535085809,
      "confidence": 0.4170833333333335,
      "reasons": [
        "MACD bullish crossover",
        "High DIX - dark pool buying"
      ],
      "riskReward": 2,
      "kellySize": 0
    },
    "1d": {
      "direction": "BUY",
      "target": 579.4925978483607,
      "stop_loss": 578.9907188374789,
      "stopLoss": 578.9907188374789,
      "cone_upper": 591.0824498053279,
      "cone_lower": 567.4109044607293,
      "upperBound": 591.0824498053279,
      "lowerBound": 567.4109044607293,
      "confidence": 0.4170833333333335,
      "reasons": [
        "MACD bullish crossover",
        "High DIX - dark pool buying"
      ],
      "riskReward": 2,
      "kellySize": 0
    }
  },
  "forecasts": {
    "1m": {
      "direction": "BUY",
      "target": 579.180317574923,
      "stop_loss": 579.1468589741977,
      "stopLoss": 579.1468589741977,
      "cone_upper": 590.7639239264215,
      "cone_lower": 567.5639217947137,
      "upperBound": 590.7639239264215,
      "lowerBound": 567.5639217947137,
      "confidence": 0.4170833333333335,
      "reasons": [
        "MACD bullish crossover",
        "High DIX - dark pool buying"
      ],
      "riskReward": 2,
      "kellySize": 0
    },
    "5m": {
      "direction": "BUY",
      "target": 579.2026233087402,
      "stop_loss": 579.1357061072891,
      "stopLoss": 579.1357061072891,
      "cone_upper": 590.786675774915,
      "cone_lower": 567.5529919851433,
      "upperBound": 590.786675774915,
      "lowerBound": 567.5529919851433,
      "confidence": 0.4170833333333335,
      "reasons": [
        "MACD bullish crossover",
        "High DIX - dark pool buying"
      ],
      "riskReward": 2,
      "kellySize": 0
    },
    "15m": {
      "direction": "BUY",
      "target": 579.224929042557,
      "stop_loss": 579.1245532403807,
      "stopLoss": 579.1245532403807,
      "cone_upper": 590.8094276234082,
      "cone_lower": 567.542062175573,
      "upperBound": 590.8094276234082,
      "lowerBound": 567.542062175573,
      "confidence": 0.4170833333333335,
      "reasons": [
        "MACD bullish crossover",
        "High DIX - dark pool buying"
      ],
      "riskReward": 2,
      "kellySize": 0
    },
    "1h": {
      "direction": "BUY",
      "target": 579.269540510191,
      "stop_loss": 579.1022475065637,
      "stopLoss": 579.1022475065637,
      "cone_upper": 590.8549313203948,
      "cone_lower": 567.5202025564324,
      "upperBound": 590.8549313203948,
      "lowerBound": 567.5202025564324,
      "confidence": 0.4170833333333335,
      "reasons": [
        "MACD bullish crossover",
        "High DIX - dark pool buying"
      ],
      "riskReward": 1.9999999999979614,
      "kellySize": 0
    },
    "4h": {
      "direction": "BUY",
      "target": 579.3810691792758,
      "stop_loss": 579.0464831720213,
      "stopLoss": 579.0464831720213,
      "cone_upper": 590.9686905628613,
      "cone_lower": 567.4655535085809,
      "upperBound": 590.9686905628613,
      "lowerBound": 567.4655535085809,
      "confidence": 0.4170833333333335,
      "reasons": [
        "MACD bullish crossover",
        "High DIX - dark pool buying"
      ],
      "riskReward": 2,
      "kellySize": 0
    },
    "1d": {
      "direction": "BUY",
      "target": 579.4925978483607,
      "stop_loss": 578.9907188374789,
      "stopLoss": 578.9907188374789,
      "cone_upper": 591.0824498053279,
      "cone_lower": 567.4109044607293,
      "upperBound": 591.0824498053279,
      "lowerBound": 567.4109044607293,
      "confidence": 0.4170833333333335,
      "reasons": [
        "MACD bullish crossover",
        "High DIX - dark pool buying"
      ],
      "riskReward": 2,
      "kellySize": 0
    }
  },
  "kellySizing": 0,
  "kelly_size": 0,
  "criticalLevels": {
    "support": [
      661.5700073242188,
      659.5951811523438,
      661.3746457590106
    ],
    "resistance": [
      661.75,
      660.6548188476562,
      661.8881472097395
    ],
    "vwap": 660.3831228224075
  },
  "warnings": [
    "\u26a0\ufe0f Low volume - signals may be less reliable"
  ],
  "strongestSignal": {
    "timeframe": "1m",
    "prediction": {
      "direction": "BUY",
      "confidence": 0.4170833333333335,
      "targetPrice": 579.180317574923,
      "stopLoss": 579.1468589741977,
      "reasons": [
        "MACD bullish crossover",
        "High DIX - dark pool buying"
      ],
      "timeframe": "1m",
      "expectedMove": 0.003851407277619417,
      "riskReward": 2,
      "features": {
        "rsi14": 38.915852428517304,
        "macd": -0.05168267527710668,
        "macd_signal": -0.1816982596639653,
        "macd_crossover": "bullish",
        "adx14": null,
        "bb_percentB": 0.16626284799090513,
        "volume_ratio": 0,
        "vwap_distance": -0.12299695157888622,
        "momentum_score": 30,
        "trend_regime": "down",
        "volatility_regime": "low",
        "gex": -722246707.2975724,
        "dix": 0.5745336561615342,
        "put_call_ratio": 1.0258334256529562
      },
      "timestamp": 1758915146842,
      "kellySize": 0
    }
  }
}