{
  "success": true,
  "timestamp": "2025-09-26T19:32:26.588Z",
  "currentPrice": 570.7811053776896,
  "dataSource": "Integrated Hurricane System v2",
  "regime": {
    "state": "RANGING",
    "current": "RANGING"
  },
  "confidence": {
    "overall": 0.4170833333333334,
    "1m": 0.4170833333333335,
    "5m": 0.4170833333333335,
    "15m": 0.4170833333333335,
    "1h": 0.4170833333333335,
    "4h": 0.4170833333333335,
    "1d": 0.4170833333333335
  },
  "predictions": {
    "1m": {
      "direction": "BUY",
      "target": 570.8034111115065,
      "stop_loss": 570.7699525107812,
      "stopLoss": 570.7699525107812,
      "cone_upper": 582.2194793337367,
      "cone_lower": 559.3545534605655,
      "upperBound": 582.2194793337367,
      "lowerBound": 559.3545534605655,
      "confidence": 0.4170833333333335,
      "reasons": [
        "MACD bullish crossover",
        "High DIX - dark pool buying"
      ],
      "riskReward": 2,
      "kellySize": 0
    },
    "5m": {
      "direction": "BUY",
      "target": 570.8257168453235,
      "stop_loss": 570.7587996438727,
      "stopLoss": 570.7587996438727,
      "cone_upper": 582.2422311822301,
      "cone_lower": 559.3436236509953,
      "upperBound": 582.2422311822301,
      "lowerBound": 559.3436236509953,
      "confidence": 0.4170833333333335,
      "reasons": [
        "MACD bullish crossover",
        "High DIX - dark pool buying"
      ],
      "riskReward": 2.000000000005097,
      "kellySize": 0
    },
    "15m": {
      "direction": "BUY",
      "target": 570.8480225791405,
      "stop_loss": 570.7476467769642,
      "stopLoss": 570.7476467769642,
      "cone_upper": 582.2649830307233,
      "cone_lower": 559.3326938414249,
      "upperBound": 582.2649830307233,
      "lowerBound": 559.3326938414249,
      "confidence": 0.4170833333333335,
      "reasons": [
        "MACD bullish crossover",
        "High DIX - dark pool buying"
      ],
      "riskReward": 2,
      "kellySize": 0
    },
    "1h": {
      "direction": "BUY",
      "target": 570.8926340467744,
      "stop_loss": 570.7253410431472,
      "stopLoss": 570.7253410431472,
      "cone_upper": 582.31048672771,
      "cone_lower": 559.3108342222843,
      "upperBound": 582.31048672771,
      "lowerBound": 559.3108342222843,
      "confidence": 0.4170833333333335,
      "reasons": [
        "MACD bullish crossover",
        "High DIX - dark pool buying"
      ],
      "riskReward": 1.9999999999979614,
      "kellySize": 0
    },
    "4h": {
      "direction": "BUY",
      "target": 571.0041627158594,
      "stop_loss": 570.6695767086048,
      "stopLoss": 570.6695767086048,
      "cone_upper": 582.4242459701766,
      "cone_lower": 559.2561851744327,
      "upperBound": 582.4242459701766,
      "lowerBound": 559.2561851744327,
      "confidence": 0.4170833333333335,
      "reasons": [
        "MACD bullish crossover",
        "High DIX - dark pool buying"
      ],
      "riskReward": 2.000000000001019,
      "kellySize": 0
    },
    "1d": {
      "direction": "BUY",
      "target": 571.1156913849442,
      "stop_loss": 570.6138123740624,
      "stopLoss": 570.6138123740624,
      "cone_upper": 582.538005212643,
      "cone_lower": 559.2015361265811,
      "upperBound": 582.538005212643,
      "lowerBound": 559.2015361265811,
      "confidence": 0.4170833333333335,
      "reasons": [
        "MACD bullish crossover",
        "High DIX - dark pool buying"
      ],
      "riskReward": 2,
      "kellySize": 0
    }
  },
  "forecasts": {
    "1m": {
      "direction": "BUY",
      "target": 570.8034111115065,
      "stop_loss": 570.7699525107812,
      "stopLoss": 570.7699525107812,
      "cone_upper": 582.2194793337367,
      "cone_lower": 559.3545534605655,
      "upperBound": 582.2194793337367,
      "lowerBound": 559.3545534605655,
      "confidence": 0.4170833333333335,
      "reasons": [
        "MACD bullish crossover",
        "High DIX - dark pool buying"
      ],
      "riskReward": 2,
      "kellySize": 0
    },
    "5m": {
      "direction": "BUY",
      "target": 570.8257168453235,
      "stop_loss": 570.7587996438727,
      "stopLoss": 570.7587996438727,
      "cone_upper": 582.2422311822301,
      "cone_lower": 559.3436236509953,
      "upperBound": 582.2422311822301,
      "lowerBound": 559.3436236509953,
      "confidence": 0.4170833333333335,
      "reasons": [
        "MACD bullish crossover",
        "High DIX - dark pool buying"
      ],
      "riskReward": 2.000000000005097,
      "kellySize": 0
    },
    "15m": {
      "direction": "BUY",
      "target": 570.8480225791405,
      "stop_loss": 570.7476467769642,
      "stopLoss": 570.7476467769642,
      "cone_upper": 582.2649830307233,
      "cone_lower": 559.3326938414249,
      "upperBound": 582.2649830307233,
      "lowerBound": 559.3326938414249,
      "confidence": 0.4170833333333335,
      "reasons": [
        "MACD bullish crossover",
        "High DIX - dark pool buying"
      ],
      "riskReward": 2,
      "kellySize": 0
    },
    "1h": {
      "direction": "BUY",
      "target": 570.8926340467744,
      "stop_loss": 570.7253410431472,
      "stopLoss": 570.7253410431472,
      "cone_upper": 582.31048672771,
      "cone_lower": 559.3108342222843,
      "upperBound": 582.31048672771,
      "lowerBound": 559.3108342222843,
      "confidence": 0.4170833333333335,
      "reasons": [
        "MACD bullish crossover",
        "High DIX - dark pool buying"
      ],
      "riskReward": 1.9999999999979614,
      "kellySize": 0
    },
    "4h": {
      "direction": "BUY",
      "target": 571.0041627158594,
      "stop_loss": 570.6695767086048,
      "stopLoss": 570.6695767086048,
      "cone_upper": 582.4242459701766,
      "cone_lower": 559.2561851744327,
      "upperBound": 582.4242459701766,
      "lowerBound": 559.2561851744327,
      "confidence": 0.4170833333333335,
      "reasons": [
        "MACD bullish crossover",
        "High DIX - dark pool buying"
      ],
      "riskReward": 2.000000000001019,
      "kellySize": 0
    },
    "1d": {
      "direction": "BUY",
      "target": 571.1156913849442,
      "stop_loss": 570.6138123740624,
      "stopLoss": 570.6138123740624,
      "cone_upper": 582.538005212643,
      "cone_lower": 559.2015361265811,
      "upperBound": 582.538005212643,
      "lowerBound": 559.2015361265811,
      "confidence": 0.4170833333333335,
      "reasons": [
        "MACD bullish crossover",
        "High DIX - dark pool buying"
      ],
      "riskReward": 2,
      "kellySize": 0
    }
  },
  "kellySizing": 0,
  "kelly_size": 0,
  "criticalLevels": {
    "support": [
      661.5700073242188,
      659.5951811523438,
      661.3746457590106
    ],
    "resistance": [
      661.75,
      660.6548188476562,
      661.8881472097395
    ],
    "vwap": 660.3831228224075
  },
  "warnings": [
    "\u26a0\ufe0f Low volume - signals may be less reliable"
  ],
  "strongestSignal": {
    "timeframe": "1m",
    "prediction": {
      "direction": "BUY",
      "confidence": 0.4170833333333335,
      "targetPrice": 570.8034111115065,
      "stopLoss": 570.7699525107812,
      "reasons": [
        "MACD bullish crossover",
        "High DIX - dark pool buying"
      ],
      "timeframe": "1m",
      "expectedMove": 0.003907931360517695,
      "riskReward": 2,
      "features": {
        "rsi14": 38.915852428517304,
        "macd": -0.05168267527710668,
        "macd_signal": -0.1816982596639653,
        "macd_crossover": "bullish",
        "adx14": null,
        "bb_percentB": 0.16626284799090513,
        "volume_ratio": 0,
        "vwap_distance": -0.1356818706416486,
        "momentum_score": 30,
        "trend_regime": "down",
        "volatility_regime": "low",
        "gex": 346997234.8038027,
        "dix": 0.48773113785784555,
        "put_call_ratio": 1.0977123350561588
      },
      "timestamp": 1758915146588,
      "kellySize": 0
    }
  }
}