{
  "success": true,
  "timestamp": "2025-09-26T19:32:25.842Z",
  "currentPrice": 578.6840703497844,
  "dataSource": "Integrated Hurricane System v2",
  "regime": {
    "state": "RANGING",
    "current": "RANGING"
  },
  "confidence": {
    "overall": 0.4170833333333334,
    "1m": 0.4170833333333335,
    "5m": 0.4170833333333335,
    "15m": 0.4170833333333335,
    "1h": 0.4170833333333335,
    "4h": 0.4170833333333335,
    "1d": 0.4170833333333335
  },
  "predictions": {
    "1m": {
      "direction": "BUY",
      "target": 578.7063804432554,
      "stop_loss": 578.6729153030489,
      "stopLoss": 578.6729153030489,
      "cone_upper": 590.2805080521205,
      "cone_lower": 567.0994569969879,
      "upperBound": 590.2805080521205,
      "lowerBound": 567.0994569969879,
      "confidence": 0.4170833333333335,
      "reasons": [
        "MACD bullish crossover",
        "High DIX - dark pool buying"
      ],
      "riskReward": 1.9999999999898084,
      "kellySize": 0
    },
    "5m": {
      "direction": "BUY",
      "target": 578.7286905367263,
      "stop_loss": 578.6617602563134,
      "stopLoss": 578.6617602563134,
      "cone_upper": 590.3032643474609,
      "cone_lower": 567.0885250511872,
      "upperBound": 590.3032643474609,
      "lowerBound": 567.0885250511872,
      "confidence": 0.4170833333333335,
      "reasons": [
        "MACD bullish crossover",
        "High DIX - dark pool buying"
      ],
      "riskReward": 1.9999999999949043,
      "kellySize": 0
    },
    "15m": {
      "direction": "BUY",
      "target": 578.7510006301974,
      "stop_loss": 578.650605209578,
      "stopLoss": 578.650605209578,
      "cone_upper": 590.3260206428014,
      "cone_lower": 567.0775931053864,
      "upperBound": 590.3260206428014,
      "lowerBound": 567.0775931053864,
      "confidence": 0.4170833333333335,
      "reasons": [
        "MACD bullish crossover",
        "High DIX - dark pool buying"
      ],
      "riskReward": 2.0000000000033973,
      "kellySize": 0
    },
    "1h": {
      "direction": "BUY",
      "target": 578.7956208171394,
      "stop_loss": 578.6282951161069,
      "stopLoss": 578.6282951161069,
      "cone_upper": 590.3715332334822,
      "cone_lower": 567.0557292137847,
      "upperBound": 590.3715332334822,
      "lowerBound": 567.0557292137847,
      "confidence": 0.4170833333333335,
      "reasons": [
        "MACD bullish crossover",
        "High DIX - dark pool buying"
      ],
      "riskReward": 1.9999999999979616,
      "kellySize": 0
    },
    "4h": {
      "direction": "BUY",
      "target": 578.9071712844942,
      "stop_loss": 578.5725198824296,
      "stopLoss": 578.5725198824296,
      "cone_upper": 590.4853147101841,
      "cone_lower": 567.0010694847809,
      "upperBound": 590.4853147101841,
      "lowerBound": 567.0010694847809,
      "confidence": 0.4170833333333335,
      "reasons": [
        "MACD bullish crossover",
        "High DIX - dark pool buying"
      ],
      "riskReward": 2.000000000001019,
      "kellySize": 0
    },
    "1d": {
      "direction": "BUY",
      "target": 579.0187217518492,
      "stop_loss": 578.516744648752,
      "stopLoss": 578.516744648752,
      "cone_upper": 590.5990961868862,
      "cone_lower": 566.9464097557769,
      "upperBound": 590.5990961868862,
      "lowerBound": 566.9464097557769,
      "confidence": 0.4170833333333335,
      "reasons": [
        "MACD bullish crossover",
        "High DIX - dark pool buying"
      ],
      "riskReward": 2,
      "kellySize": 0
    }
  },
  "forecasts": {
    "1m": {
      "direction": "BUY",
      "target": 578.7063804432554,
      "stop_loss": 578.6729153030489,
      "stopLoss": 578.6729153030489,
      "cone_upper": 590.2805080521205,
      "cone_lower": 567.0994569969879,
      "upperBound": 590.2805080521205,
      "lowerBound": 567.0994569969879,
      "confidence": 0.4170833333333335,
      "reasons": [
        "MACD bullish crossover",
        "High DIX - dark pool buying"
      ],
      "riskReward": 1.9999999999898084,
      "kellySize": 0
    },
    "5m": {
      "direction": "BUY",
      "target": 578.7286905367263,
      "stop_loss": 578.6617602563134,
      "stopLoss": 578.6617602563134,
      "cone_upper": 590.3032643474609,
      "cone_lower": 567.0885250511872,
      "upperBound": 590.3032643474609,
      "lowerBound": 567.0885250511872,
      "confidence": 0.4170833333333335,
      "reasons": [
        "MACD bullish crossover",
        "High DIX - dark pool buying"
      ],
      "riskReward": 1.9999999999949043,
      "kellySize": 0
    },
    "15m": {
      "direction": "BUY",
      "target": 578.7510006301974,
      "stop_loss": 578.650605209578,
      "stopLoss": 578.650605209578,
      "cone_upper": 590.3260206428014,
      "cone_lower": 567.0775931053864,
      "upperBound": 590.3260206428014,
      "lowerBound": 567.0775931053864,
      "confidence": 0.4170833333333335,
      "reasons": [
        "MACD bullish crossover",
        "High DIX - dark pool buying"
      ],
      "riskReward": 2.0000000000033973,
      "kellySize": 0
    },
    "1h": {
      "direction": "BUY",
      "target": 578.7956208171394,
      "stop_loss": 578.6282951161069,
      "stopLoss": 578.6282951161069,
      "cone_upper": 590.3715332334822,
      "cone_lower": 567.0557292137847,
      "upperBound": 590.3715332334822,
      "lowerBound": 567.0557292137847,
      "confidence": 0.4170833333333335,
      "reasons": [
        "MACD bullish crossover",
        "High DIX - dark pool buying"
      ],
      "riskReward": 1.9999999999979616,
      "kellySize": 0
    },
    "4h": {
      "direction": "BUY",
      "target": 578.9071712844942,
      "stop_loss": 578.5725198824296,
      "stopLoss": 578.5725198824296,
      "cone_upper": 590.4853147101841,
      "cone_lower": 567.0010694847809,
      "upperBound": 590.4853147101841,
      "lowerBound": 567.0010694847809,
      "confidence": 0.4170833333333335,
      "reasons": [
        "MACD bullish crossover",
        "High DIX - dark pool buying"
      ],
      "riskReward": 2.000000000001019,
      "kellySize": 0
    },
    "1d": {
      "direction": "BUY",
      "target": 579.0187217518492,
      "stop_loss": 578.516744648752,
      "stopLoss": 578.516744648752,
      "cone_upper": 590.5990961868862,
      "cone_lower": 566.9464097557769,
      "upperBound": 590.5990961868862,
      "lowerBound": 566.9464097557769,
      "confidence": 0.4170833333333335,
      "reasons": [
        "MACD bullish crossover",
        "High DIX - dark pool buying"
      ],
      "riskReward": 2,
      "kellySize": 0
    }
  },
  "kellySizing": 0,
  "kelly_size": 0,
  "criticalLevels": {
    "support": [
      661.5700073242188,
      659.5951811523438,
      661.3747017259656
    ],
    "resistance": [
      661.75,
      660.6548188476562,
      661.8881217603627
    ],
    "vwap": 660.3831228224075
  },
  "warnings": [
    "\u26a0\ufe0f Low volume - signals may be less reliable"
  ],
  "strongestSignal": {
    "timeframe": "1m",
    "prediction": {
      "direction": "BUY",
      "confidence": 0.4170833333333335,
      "targetPrice": 578.7063804432554,
      "stopLoss": 578.6729153030489,
      "reasons": [
        "MACD bullish crossover",
        "High DIX - dark pool buying"
      ],
      "timeframe": "1m",
      "expectedMove": 0.0038553149488799393,
      "riskReward": 1.9999999999898084,
      "features": {
        "rsi14": 38.935711293110735,
        "macd": -0.051658330770465,
        "macd_signal": -0.1816982596639653,
        "macd_crossover": "bullish",
        "adx14": null,
        "bb_percentB": 0.1667746031229299,
        "volume_ratio": 0,
        "vwap_distance": -0.12371462814411424,
        "momentum_score": 30,
        "trend_regime": "down",
        "volatility_regime": "low",
        "gex": 739118195.5398753,
        "dix": 0.5320086689349004,
        "put_call_ratio": 1.006088325282485
      },
      "timestamp": 1758915145834,
      "kellySize": 0
    }
  }
}