{
  "total_trades": 132,
  "winning_trades": 36,
  "losing_trades": 96,
  "total_r_multiple": 5358.498121867133,
  "avg_r_multiple": 40.59468274141767,
  "by_timeframe": {
    "1m": {
      "trades": 22,
      "wins": 5,
      "total_r": 2848.892548547021,
      "within_cone": 0,
      "win_rate": 0.22727272727272727,
      "avg_r": 129.4951158430464,
      "cone_accuracy": 0.0
    },
    "5m": {
      "trades": 22,
      "wins": 8,
      "total_r": 1387.9788882019805,
      "within_cone": 0,
      "win_rate": 0.36363636363636365,
      "avg_r": 63.089949463726384,
      "cone_accuracy": 0.0
    },
    "15m": {
      "trades": 22,
      "wins": 7,
      "total_r": 650.0388362726087,
      "within_cone": 1,
      "win_rate": 0.3181818181818182,
      "avg_r": 29.547219830573123,
      "cone_accuracy": 0.045454545454545456
    },
    "1h": {
      "trades": 22,
      "wins": 4,
      "total_r": 214.8633785442364,
      "within_cone": 1,
      "win_rate": 0.18181818181818182,
      "avg_r": 9.7665172065562,
      "cone_accuracy": 0.045454545454545456
    },
    "4h": {
      "trades": 22,
      "wins": 6,
      "total_r": 160.78785901551572,
      "within_cone": 1,
      "win_rate": 0.2727272727272727,
      "avg_r": 7.308539046159805,
      "cone_accuracy": 0.045454545454545456
    },
    "1d": {
      "trades": 22,
      "wins": 6,
      "total_r": 95.93661128577257,
      "within_cone": 1,
      "win_rate": 0.2727272727272727,
      "avg_r": 4.360755058444208,
      "cone_accuracy": 0.045454545454545456
    }
  },
  "by_regime": {
    "TREND": {
      "trades": 132,
      "wins": 36,
      "total_r": 5358.498121867133,
      "win_rate": 0.2727272727272727,
      "avg_r": 40.59468274141767
    }
  },
  "cone_calibration": {
    "within_10pct": 0.021739130434782608,
    "within_25pct": 0.021739130434782608,
    "within_50pct": 0.028985507246376812,
    "outside_50pct": 0.927536231884058
  },
  "win_rate": 0.2727272727272727
}